groupe;fichier;statut;remplacant_possible;guide_1_1
core-ecos;kernel/core/core-ecos/kernel.c;absent;kernel/core/core-segger/kernel.c;non
core-ecos;kernel/core/core-ecos/fork.c;absent;kernel/core/core-segger/fork.c;non
core-ecos;kernel/core/core-ecos/process.c;absent;kernel/core/core-segger/process.c;non
core-ecos;kernel/core/core-ecos/syscall.c;absent;kernel/core/core-segger/syscall.c;non
core-ecos;kernel/core/core-ecos/kernel_pthread_mutex.c;absent;kernel/core/core-segger/kernel_pthread_mutex.c;non
core-ecos;kernel/core/core-ecos/kernel_pthread.c;absent;kernel/core/core-segger/kernel_pthread.c;non
core-ecos;kernel/core/core-ecos/kernel_sem.c;absent;kernel/core/core-segger/kernel_sem.c;non
core-ecos;kernel/core/core-ecos/kernel_object.c;absent;kernel/core/core-segger/kernel_object.c;non
core-ecos;kernel/core/core-ecos/signal.c;absent;kernel/core/core-segger/signal.c;non
core-ecos;kernel/core/core-ecos/core_rttimer.c;absent;kernel/core/core-segger/core_rttimer.c;non
core-ecos;kernel/core/core-ecos/kernel_timer.c;absent;kernel/core/core-segger/kernel_timer.c;non
core-ecos;kernel/core/core-ecos/kernel_sigqueue.c;absent;kernel/core/core-segger/kernel_sigqueue.c;non
core-ecos;kernel/core/core-ecos/kernel_clock.c;absent;kernel/core/core-segger/kernel_clock.c;non
core;kernel/core/system.c;present;;oui
core;kernel/core/pipe.c;present;;oui
core;kernel/core/bin.c;present;;oui
core;kernel/core/env.c;present;;oui
core;kernel/core/flock.c;present;;oui
core;kernel/core/systime.c;present;;oui
core;kernel/core/time.c;present;;oui
core;kernel/core/lib.c;present;;oui
core;kernel/core/dirent.c;present;;oui
core;kernel/core/statvfs.c;present;;oui
core;kernel/core/stat.c;present;;oui
core;kernel/core/sysctl.c;present;;oui
core;kernel/core/timer.c;present;;oui
core;kernel/core/truncate.c;present;;oui
core;kernel/core/wait.c;present;;oui
core;kernel/core/fcntl.c;present;;oui
core;kernel/core/devio.c;absent;;oui
core;kernel/core/select.c;present;;oui
core;kernel/core/malloc.c;present;;oui
core-arch;kernel/core/arch/synthetic/x86_static/bin_mkconf.c;absent;kernel/core/arch/win32/bin_mkconf.c;non
core-arch;kernel/core/arch/synthetic/x86_static/dev_mkconf.c;absent;kernel/core/arch/win32/dev_mkconf.c;non
core-arch;kernel/core/arch/synthetic/x86_static/kernel_mkconf.h;absent;kernel/core/arch/win32/kernel_mkconf.h;non
vfs;kernel/fs/vfs/vfscore.c;present;;oui
vfs;kernel/fs/vfs/vfskernel.c;present;;oui
vfs;kernel/fs/vfs/vfs.c;present;;oui
rootfs;kernel/fs/rootfs/rootfscore.c;present;;oui
rootfs;kernel/fs/rootfs/rootfs.c;present;;oui
ufs;kernel/fs/ufs/ufscore.c;present;;oui
ufs;kernel/fs/ufs/ufsdriver.c;present;;oui
ufs;kernel/fs/ufs/ufsdriver_1_3.c;present;;oui
ufs;kernel/fs/ufs/ufsdriver_1_4.c;present;;oui
ufs;kernel/fs/ufs/ufsdriver_1_5.c;present;;oui
ufs;kernel/fs/ufs/ufsx.c;present;;oui
ufs;kernel/fs/ufs/ufs.c;present;;oui
kofs;kernel/fs/kofs/kofs.c;present;;non
fat;kernel/fs/fat/fat16.c;present;;non
fat;kernel/fs/fat/fatcore.c;present;;non
fat;kernel/fs/fat/fat16_msdos.c;present;;non
fat;kernel/fs/fat/fatcore_msdos.c;present;;non
fat;kernel/fs/fat/fat16_vfat.c;present;;non
fat;kernel/fs/fat/fatcore_vfat.c;present;;non
libc;lib/libc/libc.c;present;;non
libc;lib/libc/misc/ltostr.c;present;;non
libc;lib/libc/stdio/stdio.c;present;;non
libc;lib/libc/stdio/printf.c;present;;non
libc;lib/libc/stdio/scanf.c;present;;non
libc;lib/libc/unistd/getopt.c;present;;non
libc;lib/libc/unistd/unistd.c;present;;non
libc;lib/libc/termios/termios.c;present;;non
libc;lib/libc/termios/tcgetattr.c;present;;non
libc;lib/libc/termios/tcsetattr.c;present;;non
libc;lib/libc/ctype/ctype.c;present;;non
libc;lib/libc/misc/strto_l.c;present;;non
libc;lib/libc/misc/strto_ll.c;present;;non
libc;lib/libc/misc/dtostr.c;present;;non
pthread;lib/pthread/pthread.c;present;;non
sbin;sbin/initd.c;present;;non
sbin;sbin/lsh.c;present;;non
sbin;sbin/mkfs.c;present;;non
sbin;sbin/mount.c;present;;non
sbin;sbin/umount.c;present;;non
gnu32-gele;kernel/dev/arch/gnu32/dev_linux_rtc/dev_linux_rtc.c;present;;non
gnu32-gele;kernel/dev/arch/gnu32/dev_linux_filerom/dev_linux_filerom.c;present;;non
gnu32-gele;kernel/dev/arch/gnu32/dev_linux_fileflash/dev_linux_fileflash.c;present;;non
gnu32-gele;kernel/dev/arch/gnu32/dummy_linux_syscall.S;present;;non
